,Trafic TG1,Pr√©vision globale
2018-01-01,0.0,26876.62109375
2018-01-02,24243.0,22956.921875
2018-01-03,24171.0,23005.388671875
2018-01-04,32009.0,29675.537109375
2018-01-05,27897.0,26747.541015625
2018-01-08,31839.0,30710.208984375
2018-01-09,31404.0,30499.103515625
2018-01-10,41010.0,33710.20703125
2018-01-11,37956.0,33832.8671875
2018-01-12,29898.0,30171.142578125
2018-01-15,32067.0,31265.068359375
2018-01-16,25781.0,24980.408203125
2018-01-17,34465.0,33383.69140625
2018-01-18,28971.0,25651.51953125
2018-01-19,27931.0,27091.939453125
2018-01-22,26908.0,26707.767578125
2018-01-23,30804.0,27323.14453125
2018-01-24,26027.0,24215.595703125
2018-01-25,23903.0,23380.59765625
2018-01-26,24625.0,24675.09375
2018-01-29,30280.0,29072.845703125
2018-01-30,27487.0,26831.62109375
2018-01-31,30169.0,27912.9609375
2018-02-01,24415.0,23223.22265625
2018-02-02,25778.0,26480.111328125
2018-02-05,30711.0,30672.7109375
2018-02-06,37152.0,35578.25390625
2018-02-07,27155.0,28006.93359375
2018-02-08,21236.0,22255.6484375
2018-02-09,9967.0,12101.404296875
2018-02-12,50024.0,34918.96875
2018-02-13,32432.0,31578.41796875
2018-02-14,36883.0,32272.2734375
2018-02-15,23989.0,23638.38671875
2018-02-16,27100.0,26554.140625
2018-02-19,27911.0,27009.525390625
2018-02-20,30325.0,28333.80078125
2018-02-21,24734.0,24811.349609375
2018-02-22,20797.0,21872.9296875
2018-02-23,23314.0,23550.689453125
2018-02-26,26583.0,26950.37890625
2018-02-27,27284.0,25964.34375
2018-02-28,28120.0,27216.939453125
2018-03-01,24123.0,25332.0859375
2018-03-02,23412.0,24084.873046875
2018-03-05,29494.0,28271.314453125
2018-03-06,32499.0,30597.98046875
2018-03-07,33664.0,32860.64453125
2018-03-08,30687.0,28610.427734375
2018-03-09,31437.0,29247.5
2018-03-12,30468.0,28785.8984375
2018-03-13,29019.0,28128.8671875
2018-03-14,30230.0,28551.466796875
2018-03-15,23545.0,22338.7734375
2018-03-16,24746.0,23415.05078125
2018-03-19,24244.0,23903.044921875
2018-03-20,29281.0,27878.322265625
2018-03-21,27862.0,27420.404296875
2018-03-22,26470.0,25404.884765625
2018-03-23,26990.0,26543.775390625
2018-03-26,28462.0,28128.71484375
2018-03-27,29885.0,26134.552734375
2018-03-28,25794.0,24507.4140625
2018-03-29,24196.0,22393.25390625
2018-03-30,23912.0,22184.28515625
2018-04-02,0.0,24319.8984375
2018-04-03,31661.0,30199.443359375
2018-04-04,28684.0,27804.662109375
2018-04-05,29562.0,28186.05078125
2018-04-06,35540.0,33342.6875
2018-04-09,32982.0,30386.587890625
2018-04-10,30946.0,29568.775390625
2018-04-11,26829.0,26821.400390625
2018-04-12,34841.0,32665.38671875
2018-04-13,30722.0,28779.623046875
2018-04-16,31998.0,29973.69921875
2018-04-17,26872.0,25390.048828125
2018-04-18,33735.0,30342.69140625
2018-04-19,25338.0,25638.435546875
2018-04-20,21753.0,21773.982421875
2018-04-23,28791.0,26491.26953125
2018-04-24,28558.0,27014.974609375
2018-04-25,22603.0,23192.970703125
2018-04-26,23351.0,22419.642578125
2018-04-27,25988.0,25356.47265625
2018-04-30,14385.999999999998,14903.166015625
2018-05-01,11481.0,21177.734375
2018-05-02,29585.0,28979.2890625
2018-05-03,29067.0,29786.57421875
2018-05-04,25928.0,26747.677734375
2018-05-07,12840.0,13379.93359375
2018-05-08,19819.0,21076.083984375
2018-05-09,15838.0,19572.326171875
2018-05-10,24572.0,24739.44140625
2018-05-11,36878.0,30294.5703125
2018-05-14,32113.0,27419.91015625
2018-05-15,33810.0,30341.783203125
2018-05-16,28213.0,26954.4609375
2018-05-17,24936.0,25374.916015625
2018-05-18,27050.0,27654.564453125
2018-05-21,0.0,21162.490234375
2018-05-22,32007.0,29698.306640625
2018-05-23,28521.0,27055.005859375
2018-05-24,28460.0,26563.56640625
2018-05-25,28665.0,26752.763671875
2018-05-28,27409.0,24704.775390625
2018-05-29,26760.0,25823.375
2018-05-30,25197.0,25704.73046875
2018-05-31,21334.0,19596.01171875
2018-06-01,21874.0,21622.796875
2018-06-04,25442.0,26718.927734375
2018-06-05,27310.0,25517.95703125
2018-06-06,25690.0,23976.958984375
2018-06-07,27270.0,26778.951171875
2018-06-08,25999.0,25383.765625
2018-06-11,28607.0,27471.306640625
2018-06-12,31861.0,29575.423828125
2018-06-13,30888.0,30556.400390625
2018-06-14,26471.0,27053.298828125
2018-06-15,33181.0,31635.640625
2018-06-18,27652.0,26473.85546875
2018-06-19,27069.0,27349.140625
2018-06-20,21827.0,22395.197265625
2018-06-21,22590.0,21910.96484375
2018-06-22,23872.0,23949.89453125
2018-06-25,28160.0,28144.654296875
2018-06-26,24556.0,24855.55859375
2018-06-27,21396.0,21795.2421875
2018-06-28,19858.0,20266.162109375
2018-06-29,20598.0,23031.12890625
2018-07-02,28900.0,26514.734375
2018-07-03,29654.0,28442.216796875
2018-07-04,30876.0,29583.0
2018-07-05,27492.0,26786.6015625
2018-07-06,31638.0,31410.35546875
2018-07-09,30396.0,31547.02734375
2018-07-10,32230.0,31820.416015625
2018-07-11,35684.0,24072.291015625
2018-07-12,32054.0,30963.298828125
2018-07-13,11691.0,13961.8818359375
2018-07-16,25628.0,25078.869140625
2018-07-17,15848.0,17192.349609375
2018-07-18,28029.0,26729.37109375
2018-07-19,24856.0,24572.8203125
2018-07-20,27923.0,27928.966796875
2018-07-23,30390.0,28825.939453125
2018-07-24,28093.0,26720.703125
2018-07-25,27147.0,26084.41015625
2018-07-26,20205.0,18677.38671875
2018-07-27,19681.0,18616.322265625
2018-07-30,24893.0,24575.892578125
2018-07-31,22799.0,22038.951171875
2018-08-01,20704.0,20029.2734375
2018-08-02,19567.0,17181.162109375
2018-08-03,20460.0,19661.919921875
2018-08-06,23075.0,21923.1484375
2018-08-07,22287.0,22211.8515625
2018-08-08,20189.0,18598.705078125
2018-08-09,18415.0,16880.919921875
2018-08-10,20332.0,20287.81640625
2018-08-13,20634.0,21503.1875
2018-08-14,5267.0,7423.037109375
2018-08-15,12184.0,11626.88671875
2018-08-16,22665.0,22708.9609375
2018-08-17,16848.0,18328.748046875
2018-08-20,22384.0,22446.849609375
2018-08-21,21534.0,21206.5078125
2018-08-22,20062.0,19147.40234375
2018-08-23,17760.0,16777.978515625
2018-08-24,18600.0,20923.103515625
2018-08-27,24585.0,23945.6640625
2018-08-28,21561.0,20430.83203125
2018-08-29,20920.0,23314.654296875
2018-08-30,20509.0,19973.60546875
2018-08-31,18559.0,17911.177734375
2018-09-03,22394.0,21780.1953125
2018-09-04,23931.0,25806.01171875
2018-09-05,26801.0,26498.33984375
2018-09-06,23538.0,22974.85546875
2018-09-07,28214.0,26942.611328125
2018-09-10,24185.0,25765.291015625
2018-09-11,27712.0,29078.548828125
2018-09-12,26535.0,27209.380859375
2018-09-13,31950.0,31225.150390625
2018-09-14,25332.0,24887.681640625
2018-09-17,30265.0,29551.099609375
2018-09-18,28951.0,27785.185546875
2018-09-19,28420.0,28295.078125
2018-09-20,26089.0,25168.548828125
2018-09-21,25140.0,24601.974609375
2018-09-24,25493.0,24849.70703125
2018-09-25,26671.0,26342.78515625
2018-09-26,26185.0,26289.30859375
2018-09-27,26667.0,26145.248046875
2018-09-28,23729.0,23554.779296875
2018-10-01,27165.0,26351.400390625
2018-10-02,27280.0,25643.947265625
2018-10-03,27721.0,27420.865234375
2018-10-04,25566.0,24882.189453125
2018-10-05,27798.0,26894.5078125
2018-10-08,30088.0,29815.11328125
2018-10-09,31551.0,31104.892578125
2018-10-10,30437.0,31117.0078125
2018-10-11,28695.0,28101.453125
2018-10-12,28529.0,29752.703125
2018-10-15,30721.0,30887.34765625
2018-10-16,32180.0,31672.5625
2018-10-17,23299.0,24860.162109375
2018-10-18,21182.0,20661.251953125
2018-10-19,24359.0,23612.88671875
2018-10-22,25914.0,26038.431640625
2018-10-23,26886.0,28927.072265625
2018-10-24,27464.0,25853.625
2018-10-25,24634.0,25177.8203125
2018-10-26,20501.0,19710.66015625
2018-10-29,26944.0,26563.470703125
2018-10-30,25239.0,25077.96875
2018-10-31,8632.0,9989.7763671875
2018-11-01,15849.0,18390.123046875
2018-11-02,24208.0,23952.130859375
2018-11-05,27156.0,27132.392578125
2018-11-06,23163.0,22958.40625
2018-11-07,23711.0,23837.81640625
2018-11-08,29484.0,28793.6328125
2018-11-09,31272.0,30505.1328125
2018-11-12,39928.0,38224.48828125
2018-11-13,29402.0,29064.515625
2018-11-14,30115.0,30533.73046875
2018-11-15,27721.0,27754.009765625
2018-11-16,24025.0,24799.421875
2018-11-19,27201.0,27083.80859375
2018-11-20,37451.0,36248.55859375
2018-11-21,31040.0,31410.779296875
2018-11-22,32068.0,32206.7109375
2018-11-23,31794.0,30345.544921875
2018-11-26,35457.0,35163.65234375
2018-11-27,41743.0,38523.0078125
2018-11-28,41290.0,37746.48828125
2018-11-29,30142.0,29171.162109375
2018-11-30,34627.0,32605.59375
2018-12-03,37600.0,36483.52734375
2018-12-04,44214.0,37387.16015625
2018-12-05,37817.0,34599.02734375
2018-12-06,45332.0,42665.88671875
2018-12-07,41348.0,39691.05078125
2018-12-10,45298.0,41133.2109375
2018-12-11,47239.0,41925.2578125
2018-12-12,38828.0,35659.7890625
2018-12-13,46454.0,41318.85546875
2018-12-14,35938.0,34074.88671875
2018-12-17,52230.0,44813.1484375
2018-12-18,37814.0,34413.4921875
2018-12-19,36476.0,33577.08203125
2018-12-20,31719.0,30830.23046875
2018-12-21,26619.0,24868.0625
2018-12-24,2021.0,5898.08349609375
2018-12-25,12954.0,12967.9521484375
2018-12-26,35609.0,31884.20703125
2018-12-27,27300.0,26275.94921875
2018-12-28,19372.0,19886.2734375
2018-12-31,7222.0,12127.3310546875
2019-01-01,6933.0,7453.486328125
2019-01-02,32159.0,29537.828125
2019-01-03,26061.0,25434.798828125
2019-01-04,26029.0,25267.060546875
2019-01-07,29706.0,29787.384765625
2019-01-08,31787.0,28817.572265625
2019-01-09,35502.0,32928.96875
2019-01-10,26450.0,26285.974609375
2019-01-11,30550.0,29466.83203125
2019-01-14,29213.0,28983.134765625
2019-01-15,28100.0,25505.2578125
2019-01-16,27011.0,26926.236328125
2019-01-17,29923.0,27820.12890625
2019-01-18,27410.0,27100.30078125
2019-01-21,30829.0,29252.337890625
2019-01-22,28615.0,27870.99609375
2019-01-23,25020.0,22563.474609375
2019-01-24,26200.0,24915.72265625
2019-01-25,29360.0,27618.478515625
2019-01-28,28819.0,28341.439453125
2019-01-29,28929.0,27949.056640625
2019-01-30,26356.0,25845.40625
2019-01-31,16750.0,17199.310546875
2019-02-01,27896.0,27158.591796875
2019-02-04,28086.0,28752.326171875
2019-02-05,29432.0,27933.72265625
2019-02-06,30956.0,30945.94921875
2019-02-07,29928.0,29925.73828125
2019-02-08,27963.0,27832.62890625
2019-02-11,29096.0,28894.130859375
2019-02-12,33157.0,31788.3515625
2019-02-13,32495.0,31060.96484375
2019-02-14,32866.0,30951.37890625
2019-02-15,27801.0,29060.41015625
2019-02-18,29218.0,29200.103515625
2019-02-19,29131.0,28378.6015625
2019-02-20,27162.0,26756.44921875
2019-02-21,22639.0,22491.013671875
2019-02-22,23631.0,23413.943359375
2019-02-25,27439.0,27030.365234375
2019-02-26,24954.0,25476.7421875
2019-02-27,23569.0,24002.2421875
2019-02-28,24949.0,24480.529296875
2019-03-01,23170.0,23118.18359375
2019-03-04,27439.0,26990.19921875
2019-03-05,22347.0,21900.5703125
2019-03-06,24211.0,25129.400390625
2019-03-07,27431.0,26485.583984375
2019-03-08,30420.0,30121.453125
2019-03-11,27077.0,25604.0
2019-03-12,23547.0,24160.986328125
2019-03-13,26718.0,27700.623046875
2019-03-14,31604.0,27997.83984375
2019-03-15,23144.0,23250.76171875
2019-03-18,29321.0,28287.234375
2019-03-19,23993.0,23162.716796875
2019-03-20,26222.0,25666.220703125
2019-03-21,25086.0,24633.759765625
2019-03-22,22535.0,22456.0078125
2019-03-25,24859.0,24174.716796875
2019-03-26,26280.0,25728.1796875
2019-03-27,25767.0,25092.087890625
2019-03-28,23079.0,22548.83203125
2019-03-29,22073.0,22774.30078125
2019-04-01,27037.0,26573.15234375
2019-04-02,27661.0,26809.072265625
2019-04-03,26299.0,26846.21875
2019-04-04,28071.0,27698.119140625
2019-04-05,24527.0,25588.94140625
2019-04-08,29204.0,27707.02734375
2019-04-09,27042.0,25767.7890625
2019-04-10,30644.0,29085.326171875
2019-04-11,29431.0,28048.892578125
2019-04-12,24030.0,23863.611328125
2019-04-15,25302.0,23999.783203125
2019-04-16,26589.0,25702.1796875
2019-04-17,29629.0,27905.650390625
2019-04-18,29959.0,27779.375
2019-04-19,32149.0,29311.75
2019-04-22,0.0,19573.646484375
2019-04-23,28450.0,26712.216796875
2019-04-24,24984.0,24394.03125
2019-04-25,19597.0,20878.546875
2019-04-26,22597.0,21664.29296875
2019-04-29,23858.0,24105.984375
2019-04-30,5318.0,9312.0615234375
2019-05-01,21454.0,20348.048828125
2019-05-02,23551.0,23660.44921875
2019-05-03,31701.0,24969.568359375
2019-05-06,32754.0,24408.6171875
2019-05-07,7672.0,12549.078125
2019-05-08,18635.0,20728.53125
2019-05-09,23202.0,22126.517578125
2019-05-10,30216.0,26484.185546875
2019-05-13,31767.0,29846.318359375
2019-05-14,26690.0,26565.41015625
2019-05-15,31982.0,31860.548828125
2019-05-16,23077.0,24446.046875
2019-05-17,26741.0,26581.154296875
2019-05-20,30522.0,27513.669921875
2019-05-21,26700.0,24264.509765625
2019-05-22,27277.0,27890.802734375
2019-05-23,31800.0,30132.3828125
2019-05-24,22333.0,21959.517578125
2019-05-27,30275.0,26997.0078125
2019-05-28,27026.0,24299.38671875
2019-05-29,11998.0,14855.4892578125
2019-05-30,13169.0,13987.7568359375
2019-05-31,26836.0,23149.064453125
2019-06-03,28838.0,24314.97265625
2019-06-04,27278.0,26726.546875
2019-06-05,29719.0,28680.2421875
2019-06-06,28187.0,28289.671875
2019-06-07,21925.0,23873.59765625
2019-06-10,0.0,25490.7734375
2019-06-11,32595.0,30443.25
2019-06-12,21503.0,22814.330078125
2019-06-13,30233.0,29333.935546875
2019-06-14,29044.0,28921.18359375
2019-06-17,28917.0,29152.419921875
2019-06-18,31993.0,30862.46484375
2019-06-19,28763.0,28980.828125
2019-06-20,27993.0,29394.298828125
2019-06-21,24077.0,24083.400390625
2019-06-24,24330.0,24195.494140625
2019-06-25,28604.0,28891.447265625
2019-06-26,21981.0,23663.0078125
2019-06-27,26944.0,27375.947265625
2019-06-28,25905.0,26402.267578125
2019-07-01,30371.0,31355.205078125
2019-07-02,34662.0,33681.79296875
2019-07-03,31638.0,31688.212890625
2019-07-04,33982.0,32571.13671875
2019-07-05,26417.0,25858.681640625
2019-07-08,29441.0,29553.43359375
2019-07-09,30373.0,31443.958984375
2019-07-10,26770.0,28420.283203125
2019-07-11,23417.0,25748.43359375
2019-07-12,21234.0,22637.224609375
2019-07-15,24935.0,26677.37109375
2019-07-16,27192.0,27921.923828125
2019-07-17,25368.0,26230.36328125
2019-07-18,20088.0,21631.896484375
2019-07-19,20955.0,21904.48828125
2019-07-22,24958.0,23815.400390625
2019-07-23,24203.0,24532.05859375
2019-07-24,20390.0,20739.484375
2019-07-25,19879.0,19523.591796875
2019-07-26,20113.0,21943.95703125
2019-07-29,25519.0,26345.767578125
2019-07-30,26409.0,26100.69921875
2019-07-31,20709.0,21772.94921875
2019-08-01,19467.0,19423.294921875
2019-08-02,20593.0,20041.208984375
2019-08-05,23165.0,21542.70703125
2019-08-06,27262.0,25527.56640625
2019-08-07,28488.0,25744.1875
2019-08-08,23427.0,22655.6328125
2019-08-09,18324.0,17397.953125
2019-08-12,22626.0,24164.47265625
2019-08-13,22038.0,23297.955078125
2019-08-14,8581.0,9862.57421875
2019-08-15,9541.0,8979.0927734375
2019-08-16,14803.0,16465.03125
2019-08-19,24333.0,24338.287109375
2019-08-20,20305.0,21116.32421875
2019-08-21,17905.0,17637.005859375
2019-08-22,18843.0,20409.22265625
2019-08-23,15567.0,16672.8046875
2019-08-26,24660.0,26338.58984375
2019-08-27,18446.0,20491.771484375
2019-08-28,18328.0,18046.892578125
2019-08-29,19733.0,21624.5546875
2019-08-30,18165.0,18678.703125
2019-09-02,25003.0,26955.6796875
2019-09-03,24539.0,23897.09765625
2019-09-04,25062.0,25459.423828125
2019-09-05,21233.0,22148.51953125
2019-09-06,21815.0,23779.10546875
2019-09-09,27287.0,26589.73828125
2019-09-10,23931.0,24569.119140625
2019-09-11,24968.0,25071.736328125
2019-09-12,23765.0,24855.048828125
2019-09-13,22094.0,22720.94921875
2019-09-16,27465.0,28324.841796875
2019-09-17,27615.0,27394.19140625
2019-09-18,26174.0,26207.904296875
2019-09-19,26144.0,26067.083984375
2019-09-20,23326.0,23810.4453125
2019-09-23,25106.0,24595.521484375
2019-09-24,20027.0,20542.5078125
2019-09-25,29603.0,27194.4609375
2019-09-26,30845.0,28332.638671875
2019-09-27,23120.0,23795.138671875
2019-09-30,26915.0,27286.814453125
2019-10-01,24884.0,23946.21484375
2019-10-02,30417.0,28402.630859375
2019-10-03,20250.0,22992.056640625
2019-10-04,25420.0,25005.259765625
2019-10-07,25404.0,24707.9375
2019-10-08,24766.0,25043.7265625
2019-10-09,25855.0,26675.439453125
2019-10-10,30843.0,31415.337890625
2019-10-11,23158.0,21435.9765625
2019-10-14,28500.0,28869.658203125
2019-10-15,24451.0,25437.642578125
2019-10-16,25637.0,26016.701171875
2019-10-17,24726.0,25708.89453125
2019-10-18,21297.0,21332.744140625
2019-10-21,26232.0,26214.34765625
2019-10-22,22931.0,22907.615234375
2019-10-23,24767.0,24575.142578125
2019-10-24,21941.0,23640.748046875
2019-10-25,21434.0,20999.701171875
2019-10-28,26130.0,25362.626953125
2019-10-29,24277.0,23796.626953125
2019-10-30,25271.0,24938.123046875
2019-10-31,11672.0,14546.0
2019-11-01,12036.0,14136.6455078125
2019-11-04,28989.0,28869.2578125
2019-11-05,26772.0,26793.1015625
2019-11-06,31016.0,31217.419921875
2019-11-07,37001.0,36009.859375
2019-11-08,27426.0,28371.427734375
2019-11-11,0.0,32214.337890625
2019-11-12,42586.0,38757.078125
2019-11-13,29168.0,30077.876953125
2019-11-14,26569.0,26842.22265625
2019-11-15,34484.0,33900.55078125
2019-11-18,30138.0,30509.689453125
2019-11-19,30222.0,30526.087890625
2019-11-20,29024.0,28391.701171875
2019-11-21,23030.0,24226.720703125
2019-11-22,20778.0,22070.84765625
2019-11-25,29923.0,28851.17578125
2019-11-26,32340.0,30940.5234375
2019-11-27,24576.0,25589.9609375
2019-11-28,28362.0,27429.37890625
2019-11-29,28771.999999999996,28860.51171875
2019-12-02,41596.0,38322.57421875
2019-12-03,35360.0,32746.04296875
2019-12-04,38138.0,36751.73046875
2019-12-05,32895.0,32636.134765625
2019-12-06,38151.0,36596.75390625
2019-12-09,36852.0,36741.65234375
2019-12-10,35333.0,34173.18359375
2019-12-11,32775.0,31870.6328125
2019-12-12,28747.0,29454.310546875
2019-12-13,31390.0,29837.818359375
2019-12-16,36992.0,35035.390625
2019-12-17,30063.0,29904.666015625
2019-12-18,30467.0,30161.783203125
2019-12-19,22997.0,22509.44921875
2019-12-20,22102.0,23167.58984375
2019-12-23,30023.0,30923.748046875
2019-12-24,5971.0,8201.009765625
2019-12-25,11531.0,13584.892578125
2019-12-26,26364.0,26304.125
2019-12-27,24179.0,24168.6015625
2019-12-30,22153.0,22708.67578125
2019-12-31,19362.0,21469.677734375
2020-01-01,18031.0,19157.599609375
2020-01-02,21718.0,21363.265625
2020-01-03,21385.0,22161.16015625
2020-01-06,35489.0,31710.224609375
2020-01-07,24174.0,23409.849609375
2020-01-08,32659.0,30366.673828125
2020-01-09,26861.0,26154.884765625
2020-01-10,27839.0,26721.677734375
2020-01-13,35582.0,31941.994140625
2020-01-14,28171.0,27351.546875
2020-01-15,21646.0,21294.775390625
2020-01-16,28495.0,27661.091796875
2020-01-17,25004.0,26279.169921875
2020-01-20,28503.0,27137.779296875
2020-01-21,24384.0,23063.55078125
2020-01-22,27778.0,26613.626953125
2020-01-23,23014.0,20205.8359375
2020-01-24,22183.0,22383.609375
2020-01-27,26219.0,25932.224609375
2020-01-28,19555.0,18444.744140625
2020-01-29,23274.0,22108.267578125
2020-01-30,20366.0,20681.673828125
2020-01-31,25708.0,24400.9921875
2020-02-03,27166.0,27746.765625
2020-02-04,25542.0,24715.419921875
2020-02-05,27258.0,26674.29296875
2020-02-06,27566.0,26524.13671875
2020-02-07,25065.0,26620.859375
2020-02-10,29931.0,29720.587890625
2020-02-11,26270.0,25944.322265625
2020-02-12,21423.0,22340.10546875
2020-02-13,19572.0,20612.73046875
2020-02-14,20060.0,19910.54296875
2020-02-17,22150.0,20774.298828125
2020-02-18,23248.0,23238.8046875
2020-02-19,19435.0,20222.912109375
2020-02-20,18661.0,18554.513671875
2020-02-21,17456.0,18268.44140625
2020-02-24,22251.0,21269.65234375
2020-02-25,19819.0,21065.92578125
2020-02-26,18831.0,19141.52734375
2020-02-27,17832.0,20620.189453125
2020-02-28,19179.0,20529.873046875
2020-03-02,28444.0,28756.408203125
2020-03-03,31191.0,29751.755859375
2020-03-04,27320.0,27111.998046875
2020-03-05,23768.0,25265.638671875
2020-03-06,21862.0,21803.736328125
2020-03-09,25496.0,25650.14453125
2020-03-10,26049.0,24828.482421875
2020-03-11,24216.0,24376.05078125
2020-03-12,21315.0,21188.048828125
2020-03-13,15224.0,15806.5546875
2020-03-16,19662.0,19952.7578125
2020-03-17,15524.0,15389.1494140625
2020-03-18,15808.0,17599.361328125
2020-03-19,18512.0,17817.27734375
2020-03-20,12368.0,14401.5634765625
2020-03-23,11073.0,13753.6533203125
2020-03-24,26282.0,24905.029296875
2020-03-25,0.0,17999.9140625
2020-03-26,18935.0,18420.529296875
2020-03-27,31216.0,27457.830078125
2020-03-30,0.0,24318.068359375
2020-03-31,0.0,24436.650390625
2020-04-01,24000.0,24283.1328125
2020-04-02,22907.0,21818.515625
2020-04-03,27780.0,24910.451171875
2020-04-06,0.0,25444.564453125
2020-04-07,0.0,29271.90234375
2020-04-08,22443.0,22680.521484375
2020-04-09,29894.0,29353.6171875
2020-04-10,32055.0,28281.6328125
2020-04-13,0.0,30224.462890625
2020-04-14,19275.0,19942.587890625
2020-04-15,21127.0,20047.0234375
2020-04-16,26689.0,25605.3515625
2020-04-17,28763.0,27340.6796875
2020-04-20,0.0,25390.076171875
2020-04-21,20659.0,19908.1015625
2020-04-22,24599.0,22995.14453125
2020-04-23,29638.0,26719.26953125
2020-04-24,31334.0,21374.18359375
2020-04-27,27700.0,24685.654296875
2020-04-28,15834.0,16834.9375
2020-04-29,20403.0,17100.623046875
2020-04-30,28884.0,20197.66015625
2020-05-01,0.0,24891.958984375
2020-05-04,19436.0,21101.876953125
2020-05-05,30232.0,22960.29296875
2020-05-06,24151.0,20308.708984375
2020-05-07,28248.0,23198.029296875
2020-05-08,0.0,20950.361328125
2020-05-11,13711.0,15444.2421875
2020-05-12,21945.0,22349.81640625
2020-05-13,16737.0,17153.4765625
2020-05-14,23622.0,23356.373046875
2020-05-15,24348.0,25090.837890625
2020-05-18,14085.0,16068.673828125
2020-05-19,16587.0,16186.677734375
2020-05-20,1034.0,2568.240478515625
2020-05-21,15400.0,16298.0546875
2020-05-22,17437.0,18335.041015625
2020-05-25,1810.0,5884.8173828125
2020-05-26,22106.0,21621.91796875
2020-05-27,19287.0,18180.728515625
2020-05-28,18364.0,20511.029296875
2020-05-29,32760.0,31085.3515625
2020-06-01,7612.0,10607.23828125
2020-06-02,13045.0,15464.1875
2020-06-03,22934.0,23197.095703125
2020-06-04,26425.0,25272.525390625
2020-06-05,25053.0,24958.521484375
2020-06-08,6379.0,10830.11328125
2020-06-09,22419.0,22471.966796875
2020-06-10,29212.0,28434.7109375
2020-06-11,27934.0,28986.802734375
2020-06-12,27108.0,24502.681640625
2020-06-15,23230.0,24145.43359375
2020-06-16,28302.0,27380.927734375
2020-06-17,26398.0,26426.203125
2020-06-18,25950.0,24434.400390625
2020-06-19,21825.0,23751.669921875
2020-06-22,27206.0,26787.9296875
2020-06-23,27273.000000000004,25366.619140625
2020-06-24,23914.0,23120.583984375
2020-06-25,22530.0,21731.19921875
2020-06-26,23798.0,25181.6328125
2020-06-29,29943.0,28649.986328125
2020-06-30,26420.0,26413.029296875
2020-07-01,27712.0,26946.25
2020-07-02,23087.0,22468.728515625
2020-07-03,27878.0,27087.443359375
2020-07-06,24053.0,23467.189453125
2020-07-07,25106.0,24227.3828125
2020-07-08,26453.0,26764.67578125
2020-07-09,27423.0,26569.748046875
2020-07-10,26709.0,26858.87109375
2020-07-13,360.0,6536.7880859375
2020-07-14,25010.0,26029.63671875
2020-07-15,35449.0,34511.62109375
2020-07-16,37010.0,35271.25390625
2020-07-17,28101.0,28965.93359375
2020-07-20,30783.0,31237.634765625
2020-07-21,26907.0,26455.212890625
2020-07-22,25364.0,24673.5546875
2020-07-23,20636.0,19852.208984375
2020-07-24,23801.0,21797.8359375
2020-07-27,26749.0,25577.96875
2020-07-28,27586.0,25838.142578125
2020-07-29,23558.0,22332.673828125
2020-07-30,22641.0,22544.248046875
2020-07-31,20566.0,20786.884765625
2020-08-03,28743.0,26950.4921875
2020-08-04,33633.0,30906.998046875
2020-08-05,38839.0,33847.6328125
2020-08-06,27063.0,27057.208984375
2020-08-07,36350.0,33476.98828125
2020-08-10,29481.0,27628.119140625
2020-08-11,31561.0,28650.39453125
2020-08-12,35935.0,32488.802734375
2020-08-13,22549.0,20732.44921875
2020-08-14,23236.0,21720.384765625
2020-08-17,22504.0,23276.412109375
2020-08-18,23032.0,22873.337890625
2020-08-19,22368.0,19770.412109375
2020-08-20,18276.0,17004.78515625
2020-08-21,19120.0,19029.919921875
2020-08-24,21840.0,22073.169921875
2020-08-25,19920.0,19832.232421875
2020-08-26,20275.0,23016.751953125
2020-08-27,15364.0,14118.9931640625
2020-08-28,18425.0,18720.294921875
2020-08-31,24099.0,23035.595703125
2020-09-01,25126.0,23096.994140625
2020-09-02,27779.0,26417.8671875
2020-09-03,20993.0,21733.39453125
2020-09-04,26288.0,25756.87890625
2020-09-07,30771.0,28786.283203125
2020-09-08,25282.0,24900.064453125
2020-09-09,26037.0,24526.888671875
2020-09-10,27507.0,27595.306640625
2020-09-11,27654.0,27357.919921875
2020-09-14,26205.0,24680.74609375
2020-09-15,32500.0,32158.60546875
2020-09-16,26010.0,24828.12890625
2020-09-17,22701.0,21854.212890625
2020-09-18,21075.0,21264.447265625
2020-09-21,24937.0,24930.71875
2020-09-22,29295.0,28912.9296875
2020-09-23,21983.0,21121.103515625
2020-09-24,21162.0,21360.7109375
2020-09-25,22746.0,22505.5390625
2020-09-28,27571.0,26416.0390625
2020-09-29,29296.0,27885.029296875
2020-09-30,27328.0,26233.0625
2020-10-01,34719.0,30998.904296875
2020-10-02,29110.0,27007.220703125
2020-10-05,30708.0,29880.005859375
2020-10-06,31684.0,30508.642578125
2020-10-07,27997.0,27967.70703125
2020-10-08,27419.0,26610.740234375
2020-10-09,21371.0,21269.16796875
2020-10-12,28464.0,29649.220703125
2020-10-13,33499.0,30980.970703125
2020-10-14,23599.0,23700.517578125
2020-10-15,21389.0,22382.55859375
2020-10-16,23542.0,24688.349609375
2020-10-19,25512.0,25907.24609375
2020-10-20,26565.0,25295.841796875
2020-10-21,25285.0,25068.939453125
2020-10-22,21886.0,22557.748046875
2020-10-23,24382.0,23703.419921875
2020-10-26,30662.0,28520.86328125
2020-10-27,27132.0,26744.0625
2020-10-28,25248.0,24431.318359375
2020-10-29,24440.0,24159.716796875
2020-10-30,25351.0,25590.40625
2020-11-02,42468.0,38450.046875
2020-11-03,42290.0,40312.9765625
2020-11-04,33618.0,32824.57421875
2020-11-05,35750.0,33576.32421875
2020-11-06,35087.0,33907.6953125
2020-11-09,42661.0,39903.77734375
2020-11-10,57651.0,49755.8125
2020-11-11,0.0,31673.103515625
2020-11-12,44178.0,41247.88671875
2020-11-13,46689.0,40850.6796875
2020-11-16,47491.0,40274.953125
2020-11-17,44844.0,43457.5703125
2020-11-18,44851.0,37627.421875
2020-11-19,40343.0,36584.28125
2020-11-20,37162.0,33222.16015625
2020-11-23,50672.0,48009.359375
2020-11-24,48970.0,45236.96875
2020-11-25,36795.0,32963.5
2020-11-26,35434.0,32378.76953125
2020-11-27,34694.0,34384.9375
2020-11-30,51281.0,46621.171875
2020-12-01,52294.0,47832.32421875
2020-12-02,46337.0,42544.046875
2020-12-03,45887.0,42495.11328125
2020-12-04,45684.0,41293.80078125
2020-12-07,64335.0,54362.03515625
2020-12-08,64921.0,57136.640625
2020-12-09,57522.0,48107.203125
2020-12-10,56755.0,43690.87109375
2020-12-11,54745.0,47768.49609375
2020-12-14,65724.0,50651.26171875
2020-12-15,58834.0,51108.7109375
2020-12-16,61062.0,49948.39453125
2020-12-17,46397.0,40848.14453125
2020-12-18,48254.0,40328.77734375
2020-12-21,47294.0,42387.21484375
2020-12-22,36896.0,33216.09765625
2020-12-23,29201.0,26933.029296875
2020-12-24,16047.0,16388.564453125
2020-12-25,0.0,22030.419921875
2020-12-28,34429.0,30582.56640625
2020-12-29,27668.0,26123.251953125
2020-12-30,24435.0,22882.08984375
2020-12-31,13758.0,16355.5166015625
2021-01-01,2106.0,3590.403564453125
2021-01-04,43118.0,38317.28515625
2021-01-05,36150.0,33856.00390625
2021-01-06,30873.0,28395.03515625
2021-01-07,26303.0,25631.623046875
2021-01-08,24021.0,23969.775390625
2021-01-11,29418.0,29378.2890625
2021-01-12,33828.0,31591.365234375
2021-01-13,29174.0,28241.0234375
2021-01-14,25882.0,23943.13671875
2021-01-15,24286.0,23469.794921875
2021-01-18,33343.0,32856.27734375
2021-01-19,31262.0,28949.900390625
2021-01-20,28169.0,29191.685546875
2021-01-21,28733.0,28675.1796875
2021-01-22,29058.0,28386.7265625
2021-01-25,35392.0,34673.734375
2021-01-26,32292.0,30777.169921875
2021-01-27,26650.0,25662.3828125
2021-01-28,25762.0,24426.95703125
2021-01-29,32014.0,31618.482421875
2021-02-01,34366.0,31455.3984375
2021-02-02,41487.0,37979.17578125
2021-02-03,30272.0,27882.228515625
2021-02-04,26794.0,24397.017578125
2021-02-05,27979.0,27436.53515625
2021-02-08,36936.0,34454.26171875
2021-02-09,32294.0,31173.7890625
2021-02-10,29980.0,29839.076171875
2021-02-11,23591.0,22884.80078125
2021-02-12,26141.0,27121.568359375
2021-02-15,36665.0,34715.39453125
2021-02-16,31913.0,29509.1171875
2021-02-17,32140.0,32031.71875
2021-02-18,23670.0,25664.357421875
2021-02-19,21280.0,22972.43359375
2021-02-22,31945.0,30861.328125
2021-02-23,27286.0,26152.7421875
2021-02-24,22909.0,22349.703125
2021-02-25,21417.0,23392.337890625
2021-02-26,21177.0,21307.001953125
2021-03-01,32298.0,31809.3046875
2021-03-02,36647.0,35036.765625
2021-03-03,25503.0,26457.21875
2021-03-04,26800.0,26439.578125
2021-03-05,28679.0,26292.498046875
2021-03-08,30336.0,28947.720703125
2021-03-09,30122.0,29277.328125
2021-03-10,26573.0,27704.541015625
2021-03-11,22090.0,21311.75
2021-03-12,25798.0,24778.98828125
2021-03-15,30189.0,31378.599609375
2021-03-16,30217.0,29566.345703125
2021-03-17,28879.0,28519.4296875
2021-03-18,21145.0,19758.201171875
2021-03-19,33223.0,32332.923828125
2021-03-22,30827.0,30307.28515625
2021-03-23,26331.0,24698.44140625
2021-03-24,26082.0,24685.04296875
2021-03-25,23071.0,21447.376953125
2021-03-26,23918.0,24030.6875
2021-03-29,32687.0,31059.865234375
2021-03-30,33909.0,31654.205078125
2021-03-31,38939.0,34867.6484375
2021-04-01,29374.0,28663.642578125
2021-04-02,25269.0,26517.62890625
2021-04-05,0.0,35077.34375
2021-04-06,42513.0,36742.19140625
2021-04-07,38226.0,29756.31640625
2021-04-08,35663.0,34924.59765625
2021-04-09,34077.0,32663.69140625
2021-04-12,36505.0,33804.1015625
2021-04-13,35850.0,33137.03515625
2021-04-14,35371.0,32813.05078125
2021-04-15,37111.0,32394.619140625
2021-04-16,32803.0,30142.181640625
2021-04-19,38130.0,34237.53515625
2021-04-20,33620.0,29389.53125
2021-04-21,30407.0,27160.546875
2021-04-22,26415.0,24431.431640625
2021-04-23,25611.0,23370.587890625
2021-04-26,29582.0,27546.064453125
2021-04-27,27700.0,26326.1484375
2021-04-28,27885.0,25901.138671875
2021-04-29,26713.0,25336.10546875
2021-04-30,30255.0,24421.724609375
2021-05-03,40747.0,22418.783203125
2021-05-04,32651.0,29696.58984375
2021-05-05,29159.0,27460.212890625
2021-05-06,28108.0,27627.3984375
2021-05-07,31230.0,24750.01171875
2021-05-10,38941.0,29158.52734375
2021-05-11,36885.0,26757.361328125
2021-05-12,35887.0,29033.693359375
2021-05-13,0.0,28461.001953125
2021-05-14,22652.0,24814.42578125
2021-05-17,34451.0,31322.9921875
2021-05-18,27901.0,27397.666015625
2021-05-19,26432.0,26990.16015625
2021-05-20,27017.0,27075.625
2021-05-21,20243.0,20891.744140625
2021-05-24,0.0,27521.900390625
2021-05-25,41332.0,31954.400390625
2021-05-26,34917.0,24429.234375
2021-05-27,23439.0,23365.29296875
2021-05-28,25358.0,23924.265625
2021-05-31,24371.0,22604.451171875
2021-06-01,27403.0,25887.099609375
2021-06-02,28252.0,28643.025390625
2021-06-03,29732.0,29272.275390625
2021-06-04,22653.0,24759.9765625
2021-06-07,27237.0,26392.232421875
2021-06-08,32896.0,28889.822265625
2021-06-09,35798.0,31047.375
2021-06-10,28276.0,27493.201171875
2021-06-11,28041.0,26518.013671875
2021-06-14,32421.0,29893.611328125
2021-06-15,27857.0,28676.18359375
2021-06-16,27930.0,26619.177734375
2021-06-17,26001.0,26014.017578125
2021-06-18,25978.0,25335.0078125
2021-06-21,27125.0,27312.673828125
2021-06-22,22045.0,21464.3984375
2021-06-23,20293.0,21310.56640625
2021-06-24,24475.0,25772.619140625
2021-06-25,22994.0,24334.689453125
2021-06-28,28515.0,27932.900390625
2021-06-29,24797.0,25171.388671875
2021-06-30,24496.0,25616.541015625
2021-07-01,33661.0,29876.95703125
2021-07-02,27987.0,29182.169921875
2021-07-05,35009.0,27506.837890625
2021-07-06,29932.0,29853.62890625
2021-07-07,26474.0,27397.404296875
2021-07-08,27616.0,28741.953125
2021-07-09,33302.0,35065.19921875
2021-07-12,29798.0,31364.857421875
2021-07-13,28402.0,29819.2421875
2021-07-14,0.0,20785.443359375
2021-07-15,27792.0,26633.017578125
2021-07-16,24596.0,24646.966796875
2021-07-19,25459.0,25247.904296875
2021-07-20,27092.0,26933.544921875
2021-07-21,21850.0,23848.95703125
2021-07-22,19794.0,21490.390625
2021-07-23,19734.0,19095.640625
2021-07-26,25955.0,25364.333984375
2021-07-27,26995.0,26073.212890625
2021-07-28,21133.0,20384.22265625
2021-07-29,23157.0,20788.73828125
2021-07-30,18094.0,18868.3125
2021-08-02,32255.0,30390.916015625
2021-08-03,22173.0,21193.638671875
2021-08-04,19892.0,18895.486328125
2021-08-05,19408.0,17935.517578125
2021-08-06,17996.0,17431.6640625
2021-08-09,26271.0,25981.98828125
2021-08-10,20242.0,19233.361328125
2021-08-11,18029.0,17082.21484375
2021-08-12,17156.0,16820.34765625
2021-08-13,16383.0,17354.244140625
2021-08-16,23285.0,22682.65625
2021-08-17,19350.0,18624.294921875
2021-08-18,18660.0,19205.396484375
2021-08-19,16969.0,18225.802734375
2021-08-20,17800.0,19180.33203125
2021-08-23,24789.0,23653.103515625
2021-08-24,22354.0,22685.23046875
2021-08-25,18973.0,20206.984375
2021-08-26,17903.0,19136.912109375
2021-08-27,19921.0,21584.9375
2021-08-30,18761.0,18391.623046875
2021-08-31,28848.0,28170.99609375
2021-09-01,23760.0,23680.9453125
2021-09-02,33553.0,30777.353515625
2021-09-03,23317.0,22742.60546875
2021-09-06,25741.0,24613.275390625
2021-09-07,27699.0,27211.896484375
2021-09-08,26548.0,25697.8359375
2021-09-09,26080.0,24431.98828125
2021-09-10,30210.0,28905.5546875
2021-09-13,28721.0,28365.595703125
2021-09-14,27496.0,28393.7265625
2021-09-15,24456.0,24381.3125
2021-09-16,20731.0,20938.75
2021-09-17,20895.0,21150.31640625
2021-09-20,28824.0,28030.2578125
2021-09-21,24147.0,24765.708984375
2021-09-22,24584.0,26174.5390625
2021-09-23,22411.0,24402.708984375
2021-09-24,21502.0,21620.07421875
2021-09-27,24438.0,25464.32421875
2021-09-28,26588.0,26697.76953125
2021-09-29,23625.0,24327.478515625
2021-09-30,20920.0,22492.462890625
2021-10-01,22114.0,22683.953125
2021-10-04,34578.0,31279.45703125
2021-10-05,39276.0,31628.51953125
2021-10-06,27525.0,27188.98046875
2021-10-07,27977.0,26849.234375
2021-10-08,22356.0,22874.857421875
2021-10-11,29990.0,29751.892578125
2021-10-12,26657.0,27192.416015625
2021-10-13,24097.0,23507.123046875
2021-10-14,28945.0,28163.298828125
2021-10-15,25903.0,24967.837890625
2021-10-18,29774.0,28598.81640625
2021-10-19,26277.0,26848.443359375
2021-10-20,26202.0,25862.2265625
2021-10-21,20260.0,21308.166015625
2021-10-22,21711.0,22239.9765625
2021-10-25,26490.0,27205.087890625
2021-10-26,23711.0,24911.234375
2021-10-27,22237.0,20803.330078125
2021-10-28,21074.0,20907.900390625
2021-10-29,24127.0,23944.5390625
2021-11-01,0.0,27095.830078125
2021-11-02,38010.0,28345.205078125
2021-11-03,34189.0,29517.90234375
2021-11-04,30636.0,31702.185546875
2021-11-05,31178.0,30665.046875
2021-11-08,35784.0,35012.140625
2021-11-09,32405.0,30824.009765625
2021-11-10,32569.0,31477.33984375
2021-11-11,0.0,31904.033203125
2021-11-12,33582.0,32426.453125
2021-11-15,40952.0,39615.36328125
2021-11-16,34475.0,34878.3515625
2021-11-17,31865.0,32180.2890625
2021-11-18,31929.0,32001.166015625
2021-11-19,29905.0,31632.509765625
2021-11-22,41582.0,40459.65625
2021-11-23,36277.0,36425.2421875
2021-11-24,31702.0,30867.384765625
2021-11-25,29136.0,30759.16796875
2021-11-26,30363.0,29808.75
2021-11-29,39704.0,43872.828125
2021-11-30,48292.0,44546.75
2021-12-01,43624.0,41273.515625
2021-12-02,41345.0,39707.88671875
2021-12-03,36779.0,36712.3828125
2021-12-06,56522.0,50946.99609375
2021-12-07,52138.0,35463.3828125
2021-12-08,40437.0,39770.078125
2021-12-09,45009.0,42569.77734375
2021-12-10,40876.0,37998.87109375
2021-12-13,50379.0,33910.05859375
2021-12-14,52301.0,35900.72265625
2021-12-15,46332.0,37153.1953125
2021-12-16,40165.0,37381.01953125
2021-12-17,38692.0,38468.46875
2021-12-20,46711.0,41072.0625
2021-12-21,41464.0,36849.3828125
2021-12-22,26171.0,23858.3828125
2021-12-23,21427.0,21177.71875
2021-12-24,11231.0,11668.7890625
2021-12-27,26685.0,25778.126953125
2021-12-28,22623.0,21506.90625
2021-12-29,22245.0,20841.98046875
2021-12-30,19541.0,20450.755859375
2021-12-31,12754.0,14762.1923828125
2022-01-03,25022.0,25938.2421875
2022-01-04,31106.0,29383.208984375
2022-01-05,26278.0,25608.98046875
2022-01-06,25013.0,23603.47265625
2022-01-07,25874.0,26407.583984375
2022-01-10,30219.0,32179.046875
2022-01-11,29333.0,27146.337890625
2022-01-12,25921.0,25392.09375
2022-01-13,25159.0,24701.705078125
2022-01-14,25310.0,24799.19921875
2022-01-17,31485.0,31423.70703125
2022-01-18,31632.0,29879.30078125
2022-01-19,26056.0,25801.181640625
2022-01-20,27934.0,27459.42578125
2022-01-21,23577.0,24932.740234375
2022-01-24,32121.0,32510.662109375
2022-01-25,28075.0,28153.63671875
2022-01-26,26366.0,28476.072265625
2022-01-27,24864.0,23137.6640625
2022-01-28,25012.0,25824.544921875
2022-01-31,31519.0,31532.287109375
2022-02-01,30456.0,28921.267578125
2022-02-02,35947.0,32294.380859375
2022-02-03,26490.0,26242.197265625
2022-02-04,26994.0,27400.486328125
2022-02-07,29171.0,27491.736328125
2022-02-08,29449.0,28381.57421875
2022-02-09,28167.0,27368.775390625
2022-02-10,25886.0,26216.95703125
2022-02-11,23225.0,22798.9375
2022-02-14,28432.0,26604.73046875
2022-02-15,20424.0,19372.126953125
2022-02-16,23481.0,22186.388671875
2022-02-17,21235.0,22345.005859375
2022-02-18,20426.0,20110.720703125
2022-02-21,23706.0,24443.884765625
2022-02-22,24490.0,24193.611328125
2022-02-23,25571.0,24697.19921875
2022-02-24,22808.0,21839.046875
2022-02-25,20830.0,22049.916015625
2022-02-28,23621.0,23835.19140625
2022-03-01,25191.0,25425.501953125
2022-03-02,33889.0,33237.26171875
2022-03-03,24821.0,24755.263671875
2022-03-04,21243.0,19709.169921875
2022-03-07,25072.0,25953.880859375
2022-03-08,24711.0,25505.74609375
2022-03-09,20718.0,21124.7421875
2022-03-10,20389.0,20581.837890625
2022-03-11,19266.0,19447.185546875
2022-03-14,24683.0,23247.8671875
2022-03-15,21640.0,21240.97265625
2022-03-16,24392.0,24202.8984375
2022-03-17,21494.0,21188.400390625
2022-03-18,18436.0,16972.205078125
2022-03-21,22441.0,23454.02734375
2022-03-22,23355.0,23961.521484375
2022-03-23,20180.0,20016.486328125
2022-03-24,18873.0,20685.03125
2022-03-25,20079.0,20023.6171875
2022-03-28,24366.0,25118.009765625
2022-03-29,21880.0,23665.458984375
2022-03-30,22283.0,21134.646484375
2022-03-31,22429.0,23385.451171875
2022-04-01,20178.0,21198.701171875
2022-04-04,34982.0,34986.37109375
2022-04-05,25336.0,25773.296875
2022-04-06,26110.0,24903.720703125
2022-04-07,24653.0,25053.44921875
2022-04-08,24376.000000000004,24338.466796875
2022-04-11,30373.0,30501.18359375
2022-04-12,28593.0,27351.56640625
2022-04-13,24185.0,24025.3203125
2022-04-14,22192.0,22074.595703125
2022-04-15,21734.0,23038.330078125
2022-04-18,0.0,31566.837890625
2022-04-19,31747.0,30323.31640625
2022-04-20,24750.0,25504.548828125
2022-04-21,21641.0,21993.759765625
2022-04-22,23410.0,22699.4375
2022-04-25,28741.0,28444.1953125
2022-04-26,23814.0,23336.396484375
2022-04-27,24907.0,23828.009765625
2022-04-28,23416.0,23670.697265625
2022-04-29,20510.0,20477.916015625
2022-05-02,27837.0,28359.958984375
2022-05-03,25162.0,24391.583984375
2022-05-04,25641.0,25608.908203125
2022-05-05,26532.0,25819.189453125
2022-05-06,22409.0,22940.88671875
2022-05-09,32000.0,32170.85546875
2022-05-10,25256.0,26178.87890625
2022-05-11,25108.0,25608.302734375
2022-05-12,22694.0,24021.505859375
2022-05-13,23814.0,25206.41015625
2022-05-16,25138.0,26820.072265625
2022-05-17,27045.0,27170.28515625
2022-05-18,22036.0,23482.646484375
2022-05-19,23581.0,24028.771484375
2022-05-20,21016.0,20984.779296875
2022-05-23,24951.0,24981.779296875
2022-05-24,24679.0,23947.806640625
2022-05-25,23797.0,24699.5078125
2022-05-26,0.0,23824.033203125
2022-05-27,20978.0,21054.236328125
2022-05-30,24063.0,24307.017578125
2022-05-31,25037.0,24216.01953125
2022-06-01,29879.0,28600.26953125
2022-06-02,31994.0,28552.998046875
2022-06-03,26614.0,24098.6484375
2022-06-06,0.0,28717.021484375
2022-06-07,36713.0,31978.40625
2022-06-08,34026.0,30522.67578125
2022-06-09,32686.0,30189.126953125
2022-06-10,26299.0,26032.228515625
2022-06-13,27688.0,27082.60546875
2022-06-14,28339.0,26958.826171875
2022-06-15,23034.0,23547.837890625
2022-06-16,24654.0,24234.05859375
2022-06-17,24157.0,25445.640625
2022-06-20,33627.0,32146.6875
2022-06-21,26239.0,25595.6015625
2022-06-22,24959.0,26112.814453125
2022-06-23,23260.0,23451.173828125
2022-06-24,23276.0,24081.2421875
2022-06-27,26735.0,27854.578125
2022-06-28,27894.0,27599.810546875
2022-06-29,24388.0,24408.064453125
2022-06-30,22366.0,22395.537109375
2022-07-01,24764.0,26441.291015625
2022-07-04,35207.0,35316.25390625
2022-07-05,31755.0,31324.2578125
2022-07-06,30120.0,29413.146484375
2022-07-07,25070.0,25747.2109375
2022-07-08,21910.0,22185.85546875
2022-07-11,27292.0,28588.6875
2022-07-12,27407.0,28667.88671875
2022-07-13,26912.0,28626.310546875
2022-07-14,0.0,23980.3203125
2022-07-15,24535.0,26936.044921875
2022-07-18,28447.0,28045.056640625
2022-07-19,27045.0,27174.3828125
2022-07-20,28685.0,29095.169921875
2022-07-21,24469.0,26057.203125
2022-07-22,20971.0,24492.4921875
2022-07-25,28055.0,30187.740234375
2022-07-26,23211.0,23692.234375
2022-07-27,18416.0,18991.28125
2022-07-28,25692.0,25640.52734375
2022-07-29,19973.0,21208.529296875
2022-08-01,27169.0,26818.318359375
2022-08-02,26747.0,26087.41796875
2022-08-03,24463.0,24819.470703125
2022-08-04,19735.0,19139.634765625
2022-08-05,18964.0,19521.716796875
2022-08-08,24134.0,23913.919921875
2022-08-09,23010.0,22670.796875
2022-08-10,19279.0,19699.96875
2022-08-11,14739.0,14663.60546875
2022-08-12,16105.0,15093.873046875
2022-08-15,0.0,27026.82421875
2022-08-16,31531.0,29774.0390625
2022-08-17,24201.0,23484.6484375
2022-08-18,17966.0,17057.337890625
2022-08-19,16888.0,18021.59765625
2022-08-22,24557.0,25157.884765625
2022-08-23,18956.0,20411.392578125
2022-08-24,20314.0,19877.185546875
2022-08-25,18871.0,20725.6640625
2022-08-26,20427.0,20639.037109375
2022-08-29,25529.0,25217.55859375
2022-08-30,26497.0,26296.23046875
2022-08-31,24265.0,24067.33984375
2022-09-01,20345.0,21447.15625
2022-09-02,25378.0,25257.896484375
2022-09-05,27573.0,27529.6015625
2022-09-06,29907.0,28475.3359375
2022-09-07,24950.0,23649.107421875
2022-09-08,24451.0,24655.376953125
2022-09-09,21925.0,21931.50390625
2022-09-12,26489.0,27602.255859375
2022-09-13,28341.0,28288.6875
2022-09-14,20993.0,21162.80078125
2022-09-15,24163.0,24968.59765625
2022-09-16,19188.0,19074.96875
2022-09-19,27553.0,27394.125
2022-09-20,24175.0,24165.134765625
2022-09-21,21831.0,21296.169921875
2022-09-22,20040.0,18497.888671875
2022-09-23,23811.0,23249.19140625
2022-09-26,23854.0,24866.63671875
2022-09-27,24647.0,24936.21484375
2022-09-28,24265.0,25436.98046875
2022-09-29,25538.0,26399.80859375
2022-09-30,21373.0,20903.09375
2022-10-03,29588.0,28543.044921875
2022-10-04,33820.0,31957.859375
2022-10-05,25995.0,25447.177734375
2022-10-06,25257.0,25094.75
2022-10-07,24955.0,23920.521484375
2022-10-10,29832.0,29843.8046875
2022-10-11,29457.0,29829.810546875
2022-10-12,23815.0,25256.8828125
2022-10-13,23010.0,23914.177734375
2022-10-14,25266.0,25219.251953125
2022-10-17,31131.0,31531.828125
2022-10-18,30448.0,29696.33984375
2022-10-19,25408.0,24720.07421875
2022-10-20,22696.0,24283.900390625
2022-10-21,21938.0,21879.333984375
2022-10-24,29987.0,29460.642578125
2022-10-25,28628.0,26907.71484375
2022-10-26,22754.0,22306.12890625
2022-10-27,20432.0,20099.046875
2022-10-28,20578.0,20431.95703125
2022-10-31,25041.0,25237.439453125
2022-11-01,0.0,24137.560546875
2022-11-02,34759.0,30360.0859375
2022-11-03,31175.0,29727.080078125
2022-11-04,34746.0,28903.798828125
2022-11-07,37456.0,35498.84375
2022-11-08,36381.0,35216.66796875
2022-11-09,27276.0,25506.400390625
2022-11-10,28889.0,28390.84375
2022-11-11,0.0,28678.541015625
2022-11-14,45472.0,35479.6875
2022-11-15,36957.0,35936.421875
2022-11-16,37087.0,31531.7109375
2022-11-17,31106.0,30174.20703125
2022-11-18,36079.0,33133.609375
2022-11-21,41977.0,37782.13671875
2022-11-22,37597.0,37174.05859375
2022-11-23,32868.0,33481.71875
2022-11-24,34674.0,32900.12109375
2022-11-25,35737.0,30345.1484375
2022-11-28,54871.0,42326.5
2022-11-29,44948.0,41342.1796875
2022-11-30,38099.0,39472.26953125
2022-12-01,33581.0,34122.4140625
2022-12-02,43042.0,38399.43359375
2022-12-05,60773.0,41950.625
2022-12-06,55254.0,46751.41796875
2022-12-07,38114.0,38753.3671875
2022-12-08,44289.0,40126.62109375
2022-12-09,39736.0,38512.453125
2022-12-12,61363.0,47453.11328125
2022-12-13,50159.0,39679.0859375
2022-12-14,44143.0,42158.2734375
2022-12-15,44123.0,41204.50390625
2022-12-16,43374.0,43640.54296875
2022-12-19,61514.0,51550.4453125
2022-12-20,47137.0,37674.5
2022-12-21,39400.0,38963.56640625
2022-12-22,25532.0,26295.419921875
2022-12-23,24301.0,22827.966796875
2022-12-26,23981.0,23547.390625
2022-12-27,23743.0,24854.2421875
2022-12-28,23187.0,23439.40234375
2022-12-29,27445.0,25662.8359375
2022-12-30,24138.0,23263.755859375
